,0
형,109
오브,92
엠파이어,92
해주세여마,89
진짜,65
레게노,49
여자,49
해성좌,49
이거,48
나,46
것,40
남자,40
우욱,35
박해성,35
이,31
ㅜㅜㅜㅜㅜ,27
때,26
반전,23
영상,23
사랑해,23
데이트,23
목소리,23
생방,23
컨텐츠,21
뭐,19
분,19
레전드,18
오늘,18
그,18
ㅠㅠㅠㅠㅠ,17
적극적,17
ㄹㅇ,16
여성분,16
내,16
번,15
개,14
팬치들,14
사람,14
데,14
생각,13
편집,13
시간,13
마지막,12
왁굳형,12
시,12
댓글,12
수,12
근데,11
저,11
관,11
존,10
혜성좌,10
여자분,10
전,10
조회수,9
줄,9
말,9
감사,9
다음,9
이번,9
ㅗㅜㅑ,9
자,8
유튜브,8
두번,8
손,8
챗,8
결말,8
적,8
방송,8
ㄷㄷ,8
ㄹㄱㄴ,7
앞,7
우리,7
해성님,7
씹,7
뭔가,7
상상,7
실명전사,7
초,7
진심,7
처음,7
블라인드,7
우왁굳,6
쥰내,6
가능,6
아바타,6
캐릭터,6
이걸,6
누구,6
다시보,6
꿀잼,6
역대급,6
블링님,6
새벽,6
라,6
개꿀잼,6
ㅌ,6
ㅈㄴ,6
ㅅㅂ,6
마음,6
듯,6
혜성님,5
질문,5
둘,5
이름,5
뒤,5
명,5
여기,5
만,5
지,5
ㄴㄴㄴㄴㄴ,5
남자분,5
그녀,5
가능충,5
이때,5
정보,5
웃기넼,5
이후,5
남성분,5
재미,5
빛,5
덕분,4
못보,4
저거,4
편,4
마,4
첫번,4
상황,4
전설,4
부,4
야발,4
부터,4
여성,4
개웃겼는데,4
해성,4
노딱,4
생방때,4
ㅠㅠ,4
어필,4
시작,4
중,4
진짴,4
맛,4
매력,4
최고,4
느낌,4
미안,4
누가봐,4
엄마,4
마이크,4
업로드,4
인생,4
관짝,4
ㅌㅌㅌㅌㅌ,3
ㄱ,3
생방송,3
대박,3
취향,3
예상,3
해성이형,3
다들,3
개웃기넼,3
첨,3
오우,3
어,3
못볼줄,3
뜌잇님,3
연애,3
ㄴㅇㄱ,3
말투,3
브금,3
리,3
문,3
두산,3
이시간,3
뭔데,3
놈,3
이유,3
우왕,3
차,3
박혜성,3
간거,3
입,3
개웃기,3
들,3
ㅠ,3
공개,3
초반,3
이야기,3
하는거,3
하인드,3
미안해,3
실패,3
이컨텐츠,3
사랑,3
시바,3
도,3
남자들,3
보,3
우욱씹,3
개웃기네,3
ㅁㅊ,3
시발,3
이런거,3
왁굳,3
존나웃기,3
화질,3
뭔,3
두시,3
엔딩,3
요약,3
역발상,2
시점,2
위험,2
씹덕,2
ㅇㅈㄹ,2
찐따같던,2
이번화,2
옆,2
안오,2
밴,2
여러명,2
새키,2
모니터,2
확장판,2
취조,2
킹시보,2
웃음소리,2
인트로,2
스토리,2
후,2
당황,2
대한민국,2
저런짓,2
비슷,2
식스센스,2
왁구텽,2
계,2
등,2
사쿠라,2
몇초,2
구독자,2
언제,2
그때,2
왁끼,2
국해성,2
우왁굳님,2
나중,2
화,2
장면,2
인,2
애,2
씨,2
와우,2
예전,2
색맹,2
제스처,2
현타,2
블랙미러,2
출산율,2
당신,2
게이,2
현실,2
정도,2
시대,2
노란옷,2
하나하나,2
감상,2
왤케,2
되,2
소개팅,2
팔로우,2
음성변조,2
선택,2
여러분,2
후회,2
상관,2
문제,2
직진녀,2
아니,2
왜이리,2
소심,2
끝,2
모닥불,2
되는거,2
거리,2
본방,2
희망편,2
이러,2
이해,2
갤러리,2
나머지,2
끼,2
타임라인,2
디아볼로스,2
볼거,2
ㅠㅠㅠ,2
실명전사박해성,2
리얼,2
인어공주,2
한분,2
안하,2
다시봐,2
뽀뽀,2
캐릭터성,2
가슴,2
잼,2
두,2
왘,2
참여자들,2
확신,2
여자인거,2
반전레게노,2
반응,2
지금,2
저분,2
하이라이트,2
시벌,2
정체,2
흑흑,2
블랙,2
풀버전,2
제목,2
재밌어,2
오,2
안보,2
대반전,2
웅장,2
타짜,2
앜,2
주세요,2
트수,2
두명,2
후원,2
큰일,2
시급,2
한명,2
못보겠어,2
환상적,2
님,2
뒷통수,2
속,2
사용,2
안,2
개재밌다,2
여성분인거,2
팔,2
솔로,2
ㅏㅏㅏㅏㅏ,2
분전,2
어우,2
ㅌㅌㅌㅌ,2
얼굴,2
설명,2
눈,2
락갤,2
안나오,2
어디,2
그는대체,2
이날,2
매력적,2
명언,2
여친,2
트위치,2
엔젤님,2
있다박해성은,2
아침,2
이번편,2
스트리머,2
기대,2
소리지르는거,2
스킨,2
폭발,2
모두,2
관짝춤,2
때문,2
분량,2
죤내,2
광고,2
보이,2
옛날,2
뿐,2
좌표좀,2
폭포,2
소리지름,2
답,2
대화,2
무언가,2
눈물,2
해주세,2
ㅆ발,2
점심,2
링크좀,2
생방보,2
채널,2
새벽시,1
노베,1
아이거,1
왁꾸텽,1
귀여웍,1
존경,1
두분,1
똑같은거,1
추리하,1
색,1
준비,1
수학여행,1
였던것,1
본인,1
뽀뽀하려니까,1
무엇,1
익숙한,1
힐링,1
거참덜렁덜렁하네,1
호구조사,1
아무말못했다,1
전사,1
눈웃음,1
했다그는,1
염색체,1
해성좌이러,1
안간다,1
하렘버전,1
씨게잡는뎈,1
우우우우우,1
탄생,1
보세요ㅠ,1
분위기,1
보고싶은데여러분,1
남자역,1
ㅣ발,1
원래,1
안남아있,1
너무좋아,1
회수,1
안뜨니까,1
각오,1
여자인척,1
망했닼,1
왁굳님,1
머박,1
후욱후욱,1
엄청걸렸지,1
편안,1
그뒤,1
이름불러주,1
우웨에에ㅔㅔ에에에엑ㄱ,1
데이트하라했더,1
컨텐츠다,1
올리는거,1
소라마루좌,1
할배,1
그땐,1
오져버,1
나와바,1
존슨내,1
진짝ㄱ,1
주제,1
채팅ㄹㅇ,1
진행,1
풀버젼,1
아바타만봐,1
재밌,1
주륵,1
왁굳방,1
ㅗㅜㅑ정말,1
진짜여자,1
자제한거,1
패보여주는거랑,1
구분,1
이태원,1
심쿵,1
ㄷㄷㄷ,1
바나나,1
모솔,1
형형,1
개웃기넼ㅌㅌㅌㅌㅌ,1
사무직,1
코치,1
우욱공개,1
타이틀,1
컨텐츠해,1
짓,1
굿나잇,1
사람있는데재밌,1
저놈,1
아뉜뎁,1
굳건,1
킬포인트,1
통수,1
높은거아닙니깡,1
둘이,1
작작쳐,1
환상적이얔,1
알수있을까유,1
트레이더,1
여행,1
안다물어,1
올려아,1
아십니까,1
쪼금,1
안갔누,1
뱀파이어생활하,1
애초,1
집가면어어철컹철컹,1
ㅇㅈㄹㄱ,1
피그말리온효과인,1
좋으세,1
둘이서반전,1
렙뜌잇님은음편집됬군요앗,1
우왁굳트수,1
뒤에꺼,1
도데체,1
거예영,1
와꾿형,1
모,1
방송이,1
레전드여러분,1
애프터시간갖고,1
일체유심조,1
그걸,1
뇌,1
소름돋음,1
유저,1
빤스,1
ㅜㅠ,1
훅들어오,1
트렌스젠더,1
본것같은데노베,1
개토나옴,1
육성,1
순삭,1
활발,1
마스터나아,1
잘려고누웠는데,1
내인생,1
실화,1
부분,1
오졌다,1
눈나,1
취조를하,1
영상봤어유튜브어,1
진ㅁ자,1
형영상,1
와역대급,1
밖,1
사방,1
형영상이긴,1
완전많,1
바이퍼스,1
와역겹다,1
하는맛,1
거부,1
찐텐웃음,1
음성,1
ㅈㄹ,1
사람들이남자,1
볼라했는데,1
삼성라이온즈,1
알았어정확하,1
월드,1
위험해,1
알거임진짴,1
트수였던그,1
우우우우욱,1
뭐얔ㄱ레게노,1
오지,1
ㅅㄴ,1
피캣소속,1
할려니깐,1
왜,1
생각했는뎈,1
안볼려했는데,1
옴,1
더러운세상,1
적당,1
빼박,1
몰랐다그렇게,1
같긴했는데,1
들어올땐,1
반응도,1
웃겨죽는줄알았는데,1
킹시국,1
해성씨,1
모얔,1
영화같아요타짜,1
명만성공한컨텐츠,1
관짝인뎈,1
남잔줄알았는데,1
아님자연인,1
적극적이,1
같앸,1
아따,1
아빠,1
ㄷㄲㄱㄱㄱㄱㄱ,1
유튭보다,1
여운남,1
겁,1
슈발,1
럽라버,1
워어어어,1
니들주장이냐,1
대박이겟,1
드립좀,1
걱정,1
보기싫다,1
재밌겠네요,1
준네,1
다음엔얘,1
출근,1
실명전사해성,1
우라질,1
쥰내세게맞고,1
여자였네인기,1
여잔줄,1
분발할게,1
답답,1
대답하는거,1
흑굳형,1
여자케릭터만,1
꼬는거,1
만들지이겈ㅌㅌ,1
인싸,1
유튜브엔,1
안목,1
한명한명,1
세상에헐,1
폰에다,1
씹덕됨,1
니체,1
레게노누상상,1
ㅇ,1
사이비,1
빛해성,1
니코니코,1
년,1
있어형,1
될놈될,1
어버버버,1
저사람이랑,1
수인이다박해성,1
반대편,1
출현,1
반전지리,1
역배팅ㄱ,1
뜌잇버전,1
여성분이신거,1
자야겠다알람,1
마비노,1
정상인,1
지리,1
하시는거,1
올라오네뭘,1
ㅍ챗,1
관아직,1
보는거,1
삭제,1
형근데,1
들은거같은데,1
재밋어,1
세번,1
통수의통수의통수의통수,1
컨텐츠하,1
일찍올렸,1
엎질렀자너,1
인트로부터,1
우욱우욱씹,1
바람,1
노딱걸리는거아니야형,1
참여,1
저런곳,1
했는덷ㄷ,1
여자인걸,1
지렸다솔로들,1
왔나보다,1
파파,1
변환,1
입틀막하,1
부럽다ㅠㅠㅠㅠㅠ,1
먹은거,1
안나온장면,1
감사합니닽ㅌㅌㅌㅌ,1
아침먹,1
다니는놈들,1
유튭팬치,1
풀떼기들,1
흐어어어엉,1
갱신하는거같아,1
배드엔딩이네,1
짜넼,1
후반,1
생방후,1
망상충,1
ㄴㅁㄱ,1
무한밴,1
있었는디,1
난국이야맞추다,1
잠식,1
당황하는거개웃곀,1
노가,1
최강폭군해성,1
한심해할거,1
소개팅하,1
컨텐츠의패뱆ㅏ,1
관짝으로갔다고한다,1
을,1
형영상쁀아야서렁해,1
아섯다,1
디엠,1
존빵,1
봣음,1
아니라고할때,1
씹레전드자너,1
전업,1
손막고,1
순삭했,1
듣다보,1
ㅗㅜㅑ랑,1
여잔데,1
부럽고하ㅜㅜㅜㅜㅜ,1
인싸티,1
거봨,1
해성좌하,1
날짜,1
반전이,1
성공한다왁굳형,1
거지,1
봤엏,1
사람들,1
부담,1
전개,1
역대급인데챗,1
재밌는거지,1
초록팬티입,1
우리시간대,1
청정수,1
컨셉,1
박고안볼,1
ㅇㅅㅇ,1
그렇게오늘,1
야발ㄱㄱㄱ,1
생각했는대,1
시선,1
있다박해성,1
쏠쏠함,1
ㅠㅠ알람,1
찾는건,1
골든윈드,1
암살각,1
단계,1
고정,1
나주거,1
얼굴쪽,1
옷,1
진텐,1
숨길수,1
갓해성,1
보스전,1
개빡치겠닼,1
처량,1
너무조,1
해성쑈,1
ㄱㄱㄱ,1
이중성,1
바로알았다,1
당황해,1
스포냐,1
우우우욱우우우우우욱,1
해성조ㅏ,1
포즈보고,1
고백하라규아,1
연락,1
ㅅㅂ찐,1
먹지,1
하트시그널,1
일상,1
잼민이들,1
신천지,1
어노딱,1
뭐하는거얔,1
터지넼,1
드라마,1
사람이,1
절대,1
여기서보,1
저승사자,1
끝냈다이걸보고있,1
튜토리얼,1
눌으셈,1
존잼이당,1
게이같잖소개팅,1
씁쓸,1
올라가는거,1
헛구역질,1
중요,1
추천,1
우웩,1
반,1
사람이름,1
올라오노,1
클라쓰,1
오늘일찍자려구했는데ㅜㅜㅜㅠㅠ영상,1
가자응준네,1
많이해줘,1
개웃끼,1
예상치,1
도르마무,1
어딜보는거야,1
영상명,1
짬뽕컨텐츤데,1
개꿀잼각,1
분명,1
머리,1
잘모르,1
ㄹㄱㄴ였는데노잼이,1
개웃기넹,1
부탁,1
모르겠어ㅠ,1
아리,1
나름,1
쿵쾅대,1
치러왓어요우욱,1
레전드장면못봤다,1
저러고있으,1
맘에드,1
개웃기넼맥줔,1
일상이제,1
와뀨텽,1
이젠,1
기습,1
비장해,1
블링,1
않은거,1
의,1
믿음,1
평소,1
여친이없어,1
여자일까요맛,1
여자들중한명만,1
우왁굳보다,1
여자력,1
하반전이네,1
된거,1
기엽다,1
주인,1
컨셉잡은걸,1
많으셨닼,1
극한,1
역겨움슈치,1
반전뭐,1
자괴감,1
하하호호,1
생각남,1
선댓후,1
돈,1
설문조사,1
렙좌꺼,1
ㅌㅌㅌ,1
그상황,1
나오는거,1
보진,1
범인,1
손가락,1
못담은것,1
챗팅창,1
답변봐,1
잠,1
애들,1
박좌,1
적용,1
여기나오,1
안녕,1
성우분꿈파,1
뭐야이겤,1
월드입니다왁굳형,1
곡,1
찍어달라는거,1
흰민소매,1
당신들,1
춤,1
관가는게,1
귀엽닥ㄱㄱ,1
여캐,1
니코니코니에서,1
아무생각없,1
자유,1
관짝댄스,1
의미,1
존나사랑해,1
안쓴어,1
ㄱㄱㄱㄲㄱㄱㄱ,1
개미쳤어,1
존나웃기네,1
몇,1
큰그림그린건,1
ㅂㄹ인드,1
스트라이킹,1
고생,1
꿈,1
와이래서,1
이형님,1
온몸,1
존나웃기넼,1
주문,1
문노스,1
재밌었다,1
진국이다,1
ㅏ,1
양자역학,1
관짝편,1
못채네ㅠ,1
아개레전드,1
남자한명,1
옘병,1
업로드한적,1
영상안보,1
바람피시,1
봐야,1
타스취급,1
정숙함,1
ㅌ언제나올까,1
충신들,1
눈치빠른,1
바가지두,1
남정네,1
수듄,1
일어나는거,1
둘다,1
알리는구만,1
많이들,1
ㅅㅂㅌ,1
최악,1
잠좀자,1
여자인줄알고,1
씌발,1
만족,1
나둥,1
감정이입,1
두분다,1
삐진,1
많이하,1
남자좀,1
나빴다누구,1
신념,1
수쥰,1
제,1
쓰읍,1
적절,1
좆,1
박력,1
좌,1
때문에마지막,1
개웃기네보,1
레전드였는뎈이거,1
남녀,1
사랑해품질,1
하는좌,1
대,1
다행,1
래퍼토리,1
머리깍여서,1
복이온다,1
해괴한걸,1
예상한대,1
찍어달라,1
모먼트,1
이사람들앜ㄱㄱ,1
주딱이다,1
수준실화,1
우왁둗형,1
개즐기네,1
이러지,1
아시발,1
보셈,1
탐정이얔,1
유부초밥일듯,1
이것만보,1
자야지유튜브,1
늦게올린다는걸,1
삽레전드,1
오나보,1
싶습니다첫,1
달달하다어우,1
근손실올까봐,1
칙쇼,1
컨텐츠까지,1
뇌절,1
개웃겻는데,1
개웃겼음,1
안골랐,1
억,1
남자두분,1
노래으앙,1
보소,1
왁왁,1
ㅆ밥,1
파냥이였다는거,1
계획,1
어케,1
뇌절와서,1
계속해서,1
일인,1
뜌잇이,1
주황딱,1
여잔가진짜,1
얼굴잡,1
최조,1
안잠,1
해성좌레게노,1
진정한,1
비장,1
생방가,1
얻어놨던,1
유튜버,1
다시보기좀,1
거,1
잘가시,1
ㄹㄱㄴ였는데,1
순간,1
변조버전,1
개싫어하는데,1
아빠같닥왁두형,1
회,1
이벤트,1
따로대본,1
위,1
한마디,1
항마력딸려,1
올라왔넽ㅌㅌ,1
기억하겠읍니,1
의외,1
기결만,1
세계관,1
너,1
저럴것,1
ㅈ인크래프트보다,1
오뱅알이야,1
이딴거,1
멈춰있는거봒전드,1
걸릴려,1
콜라보한거,1
갈거같,1
연애못할그같은데,1
리스펙,1
올려주쉴수있음,1
음탕하노,1
재앙공원님,1
비슷해서,1
귀엽긴,1
찡찡굳,1
미팅중,1
ㄴㄴ느어걱,1
구역질,1
쩐다,1
한번,1
만들었습니다쉬벌,1
ㄹㄱㄴ겠는데,1
더재미진거같앙,1
이번꺼,1
트찐들아,1
컨텐츠안했으면,1
천재,1
다보,1
대데이트인가했는데,1
올라왔넼이거,1
나기만했다,1
몰폰하,1
브금이뭐,1
눈치,1
개냐고자라고요,1
준내웃었다,1
관짝소년단,1
쳐웃었네육탄공세,1
오타쿠,1
결정한,1
더한걸봤어,1
감사합니다ㅠ,1
해골물공개,1
처음해봣어,1
그갤락갤짱,1
긴장,1
번여자캐릭터,1
감사합니다랰,1
맞춘듯함ㅇㅇ,1
접속,1
푸라이데이,1
불편,1
링크좀여,1
언급,1
이전까진,1
색맹굳,1
성인,1
만나는거,1
이건아니,1
핵머니,1
승리,1
비슷한거,1
구미호,1
택사스,1
이런부분,1
야추들,1
있었는데ㅠㅜ,1
능욕,1
오우야대박,1
미쳣네ㅡ당연히,1
연애할걸,1
관간것,1
자세,1
ㅈㄴ역겨운데,1
뿜뿜,1
재밌을것같,1
ㄱ레게노,1
잘볼,1
감흥,1
카르페,1
봣당,1
안타깝긴한데,1
무리들과함께할수없다,1
뜨던데아니지또,1
같음내,1
개명하러간다,1
맞아네,1
올렸었눈데,1
그해성,1
기모띠,1
문재앙,1
아니유튜브,1
상대,1
일찍옴,1
조용,1
걍,1
싀벌,1
남자새끼,1
쥰내웃기네,1
처음보고,1
어딜,1
알려주세욬ㅠㅠㅌㅌㅌ,1
락스타,1
이런걸,1
뻔,1
채팅치,1
입사지원서,1
리스펙트,1
술먹고,1
스발,1
좋아죽,1
상상속,1
안다해성좌,1
맞춤법,1
각잡고,1
빡치는데,1
방송끝나,1
처음뵙겟슴니돵,1
에바자넝,1
형때문,1
우우웩,1
없습니다감동실화,1
생방에서,1
어루만져진거,1
개꿀장면있나봐,1
너무잘맞아,1
잘보고잘게,1
히토미,1
원효대사식,1
그것들,1
재밌었음,1
미러,1
이상함,1
개꿀잼이네,1
웃었넼,1
쳐네,1
잼민,1
올라왔어그래,1
시잇프알진짜하,1
였다,1
배아픈건,1
버전,1
삘왔다,1
게임즈,1
발로란트,1
어캐됨,1
웃겼는데타스,1
레게노지,1
즐거웠다너는이제,1
보내는거,1
잘라했는데ㅜ,1
관짝엔딩,1
성공하는겨,1
좋넹,1
아아안돼,1
궁금증,1
생각했는디,1
아이디어,1
도를아십니까,1
흰머리,1
좋을거같앙,1
공감성수치심들어서,1
몇개가보이네,1
그런진,1
파딱에,1
모솔인,1
흰머린데,1
ㄱㄱ아,1
격,1
개반전,1
이제봐,1
얘,1
로진,1
순수,1
왁이라고하,1
이건도박이라생각했을듯,1
이다라고생각했는데,1
유도,1
반전의반전,1
걸릴까봐,1
얼굴공개,1
즐,1
넣는거,1
섭외해서,1
그거,1
두손들고,1
우우ㅠㅠ,1
언제한,1
징징대서,1
요번영상,1
젤,1
자야지ㅠㅠ,1
관보냈거든요,1
대박날꺼,1
개처웃기,1
오우야,1
독특해서그런각ㄱㄱ,1
법규,1
진짜ㅡ이젠,1
싀븰것,1
그런거,1
중간,1
방송콘텐츠,1
유튜브이제,1
안절부절형고마워,1
ㅈㄴ웃기,1
요약해성좌,1
프로그램,1
이다음편,1
둘이었누,1
다먹,1
수위,1
다리,1
한거지,1
올라가는거얔,1
공부,1
웃기죵,1
네이스,1
관댄스,1
어크흡뇌,1
따라가겠습니다해성좌,1
컨텐츤가봨ㅇㅁㅇㅁ,1
없어평범한,1
였던설이혜성좌,1
직업,1
수법,1
존재,1
나갈땐명,1
알고리즘,1
염병,1
여자목소리,1
십알,1
실명찐따였자너,1
관광코스,1
사쿠라여,1
빠른사람,1
투머치토카,1
이시국,1
ㅌ아니,1
벽,1
멘트,1
쾌락주의,1
남자처럼보이려,1
호그와트,1
라디오,1
번이누,1
개무엇,1
꼭보세요,1
킹왁굳,1
너무취향이야,1
살린거다,1
효과,1
늦ㅈ어,1
ㅅㅂ이게뭐라고부럽냐저남자,1
특성상,1
수간충,1
키움히어로즈,1
고른거,1
타코야끼,1
반칙이지,1
경악,1
모션보,1
동일인물,1
믿으세요,1
뒤에있능,1
댓글은개,1
컨텐츤지,1
해성조ㅓ,1
게스트,1
형솔직히,1
아이캔슬립,1
혜성,1
저번,1
빤짝고,1
망해,1
남자역겹다,1
저여성분,1
개웃경,1
생방목격자,1
외국방송본거같은데,1
개쥬,1
ㅠㅠㅠㅜ,1
떠나달래,1
박해성임,1
침바,1
본,1
뭔소린,1
모하는거야돌아가세요,1
적어놨을듯,1
렙뜌잇좌,1
마뀌여가,1
아녕하세,1
엄준식,1
결혼,1
발암,1
피스,1
이거봤어,1
영상올리는구만,1
똥땍,1
만명,1
불쌍,1
암살자,1
모자를쓴,1
팬친데,1
박해성박해성박해성박해성박해성,1
안하실겁니다ㅜㅡㅜ,1
자격,1
혐오감들어서,1
마인크래프트,1
오바하,1
블랑님,1
변조쓴,1
이네,1
특징,1
레게노ㅠ,1
개미쳤어쓸데없,1
어후,1
드,1
심리학박사,1
오늘껀,1
형맹,1
안맞아서,1
난그게보고파,1
국해성워,1
사랑행,1
움니,1
게임,1
형올리,1
박해내,1
영상기승전결,1
과감한대신중,1
센스,1
유튜브편집영상,1
ㅜ,1
사랑을피우냐,1
잼있넼,1
제일호감감,1
쳇,1
추진력,1
미친새끼들,1
시밬,1
유튭만보,1
ㄱㅌㄱㅌㅌㅅㅌㅅㅌㅅㅌㅅㅌ,1
데이트하고잇을때,1
해성좌그,1
어딜봐서,1
생방보는걸,1
적어,1
재밋,1
똑같은거만하,1
ㅅㅂ내인생,1
못자,1
죄송,1
이사람들,1
은디탁에,1
개똑같네,1
미친브금,1
나와,1
기분,1
관갈줄,1
새로고침했더니,1
솔로대아니왜깟자기사란드,1
표현,1
절대아닐줄알았는뎈,1
아래,1
입틀막,1
최강자,1
부활,1
관게노,1
에이,1
악,1
염색체데이트,1
쓰게하장,1
ㄱㄲ레게노,1
허니문,1
하얀머리,1
피아노,1
보는데진짜,1
찐따심리야,1
한팬치,1
상처,1
예상중,1
웩웩,1
개재밌었는데,1
안내하시,1
칼업뎃,1
레게노닼,1
레게노임,1
ㅜㅜㅜ,1
점프하,1
할,1
갔다이제,1
재미없어졌엉,1
게이게이트,1
에초,1
스포주의근데,1
짝,1
개커여워,1
데드바이데이라이트,1
드링킹했는데,1
자기,1
웃는거,1
없었,1
원효대사,1
패턴,1
걸로왠지,1
두사람,1
렙,1
약,1
머인지,1
캐나다인데,1
다음편,1
너무재밌어요,1
찐딴줄알았는데,1
밥,1
보는동안,1
잘햇노,1
미리축하,1
올리냐구,1
무의식적,1
남자일거,1
안만나본거,1
도중,1
일본인,1
결과,1
핸드폰,1
오우얔ㅅㅂ,1
레전듵,1
잘봤어,1
첫,1
본방때,1
인트,1
문화,1
헿핳하ㅏ핳하,1
이것좀,1
엄청여러명,1
영택이형,1
따랑해,1
해성좌왁굳형,1
개역겨워,1
레게노였음생방,1
자랑,1
동숲,1
항마력,1
페이크,1
정답,1
각각,1
결말봐,1
저런거,1
있는거,1
이사람,1
개인방송,1
왁국짱사랑해,1
뿝었다,1
노란머리야,1
각이,1
데이트자너,1
유재석,1
요즘,1
커플,1
아앗,1
이런건,1
외,1
한정적,1
브이알꿀잼,1
빌드업하,1
어쩌다,1
어울려어울려,1
렙뜨윗,1
찐레게노해성좌,1
명탐정,1
놀랍당,1
긴장감,1
왔습니다잘보,1
에프터,1
입니당,1
ㄱㄱㅈㄴ웃김,1
아는형,1
진짜많을듯,1
뽑을거,1
도구들,1
씹덕화,1
관갔,1
ㄱㄲ,1
영화타짜,1
와이태원인줄,1
뽑을라,1
으ㅓ,1
포교하는줄알았어,1
씹덕인거,1
학교,1
빨랏다,1
키스,1
쌉가능,1
크흡제,1
팬치여우끼우끼우끼끼끼,1
알람,1
사실,1
체감했다,1
여자목소리듣고,1
현실적,1
채팅창,1
이형,1
하고있었는데와앁쥰내,1
인사,1
뒤통수,1
이야기꽃,1
정상이지,1
ㅈㄴ재밌,1
생방보셔야합니다레게노였음진짜,1
차원,1
우왁끼,1
소름돋고,1
같앙,1
더웃곀,1
쿨향,1
왁굳엔딩일줄,1
킹,1
였음,1
ㄹㄱㄴ야,1
ㄱㄱㄱㄱ,1
오지넼,1
골프옷,1
스폿ㅂ,1
편집미쳤낰ㅌㅌㅌㅌㅌ,1
같은데구와아악,1
만나길빌께욥,1
오졐,1
그래우왁굳,1
딱맞았네,1
알았을듯다음,1
레전드앾,1
타이밍,1
시간내,1
일차,1
가능전사,1
노란머,1
찐따컨텐츠,1
개꿀잼인데,1
정보바,1
므흣,1
잘하는애,1
인생쓰네,1
ㅗㅜㅑㅅㅂㄱㄱ,1
성격,1
이영상,1
몰라서ㅜㅜㅜ,1
ㅈ,1
됀거같다,1
시작전,1
베일,1
우리트수,1
이세계,1
오류,1
맘에들기,1
꿍짝짝,1
쩔었는데,1
같아네여기는,1
관ㄱㄲㄱ,1
꽃밭,1
웃기넼ㅌ,1
어둠인거야,1
남자임,1
재밌네,1
잠온다해성좌,1
재평가,1
칸,1
박성태,1
어떠냐,1
팔로워들,1
참고,1
공존,1
이번껀,1
똑같은거같은데,1
흰색,1
링,1
킹로란트,1
나쁜사람이에요,1
지리니깐,1
ㅓ,1
이번영상,1
ㄷㄷㄷ소개팅마렵네,1
그런말이있다죠,1
해성좌는다,1
도발적,1
태닝,1
연애세포,1
한,1
이형은,1
수석졸업,1
여자호,1
죽창,1
안봤긴,1
컨텐,1
링크,1
개빠개,1
끝니,1
지구,1
남장여자,1
데이트두번째,1
만나본적도,1
다뽑았다,1
말하는거,1
엊그제,1
와근데남자분,1
했닼,1
타짜부분,1
닉네임보,1
트위치팬치말들어보니,1
십ㅂㅂㅂㅂㅂ,1
전율해서,1
있다햇는데,1
우우우욱,1
여자찾기,1
자기혼자,1
아진ㅁ자,1
재밌는애뽑자,1
누군지,1
음성변조때,1
형안녕,1
한개,1
쥰나달달하누,1
왼쪽,1
배경,1
찐텐이네,1
ㅠㅠㅠㅠ,1
기,1
더좆같,1
외로워졌냐남,1
여자중,1
화질머,1
여장남자,1
꿀잼각,1
같구나위로,1
몇번이나온거야,1
뱅송,1
존예,1
현실편,1
이걸보,1
종교권유,1
욕하는거봐,1
올리는건,1
대박이닫ㄷㄱ,1
오랜만,1
한올님,1
꼴,1
박해성님,1
맛깔나게하,1
소개팅중이,1
통한다그저빛성좌,1
못보겠엌,1
비교하는거,1
맞긴,1
브이알챗은,1
재밌었을듯,1
퍼센트,1
피식했네,1
남성,1
이양반,1
레게노얔미쳤닼,1
시잇프알,1
남자분ㄱㄱㄱ인터뷰하냐,1
분동안,1
재밌ㅁ거같,1
그분같은데,1
알잘딱깔센,1
반전이갰다,1
뜌잇이였음,1
너무귀여워,1
어둠의문,1
헤성님,1
레게노였는덱,1
미쵸,1
말라고팬치,1
있는거같은데,1
초월번역,1
중딩,1
개레게노였지그리,1
총체적,1
생각나는게저,1
아닠,1
뭔가하,1
나우아이캔슬립만,1
중요치,1
낮과밤,1
재밌긴했는데,1
주거,1
이건또,1
니코니코닠,1
저분들,1
모쏠,1
사랑해답글기원,1
했는데ㅡㅜㅜ,1
주옥,1
특유,1
당황한,1
어디갔냐,1
쟁취,1
무ㅜ,1
왜이렇,1
결혼식,1
살인마협회장,1
통한,1
으아악,1
찐따같음,1
위쪽,1
왼쪽위,1
목소리나,1
이것,1
로,1
뱅,1
왁태식,1
유투브,1
안멈춰,1
선사,1
해골물,1
간만,1
씹가능빌런,1
ㄹㄱㄴ였지만,1
저걸,1
지져스,1
남자도여자처럼다루,1
잖앜,1
생방클립,1
움찔했다,1
실제,1
토할거같,1
다크소울,1
아니냨,1
자연,1
리액션,1
충격받아서,1
행동보고,1
피아노캣,1
천명,1
급,1
투,1
같은날,1
웃겼는데여자,1
어이,1
맞출줄몰랐는데,1
토할거,1
이런드립나,1
데이트때,1
킹클럽,1
여,1
게이전사랰,1
어그로성,1
생각해봐우읍,1
글,1
너무설레,1
녀석들,1
ㅅ,1
써먹고있네,1
맨날,1
금치,1
감자,1
손올라가는거,1
거듭,1
레이저,1
먼저봄,1
방,1
흰머,1
ㅜㅜㅜㅜ,1
재밌다,1
본능,1
어린딸,1
이걸생방보,1
와ㅏㅏㅏㅏㅏ,1
재밌지,1
이러는거,1
다른사람이었으,1
떡상각,1
아진짜,1
개웃곀뭐야,1
썻군아,1
상황극하신뷴,1
쥰내웃김,1
어라왜눈물,1
해성좌당신,1
쓋,1
사진찍어달라,1
개쩌네,1
방송시간,1
곧백만이야형,1
코큰놈,1
상황극,1
ㅂ,1
덩그러니,1
오우에반데,1
고인물,1
피파,1
누나,1
골라주는거,1
나올줄알았는데,1
못일어나,1
주변,1
안올라오,1
쿠키영상,1
스킨십하니깐,1
안올라올꺼에요제,1
스쿼트하는건,1
패배한거야,1
결국,1
하시길,1
우엑,1
를,1
해성워,1
성별소개팅,1
이분,1
역겨웟을텐데,1
블링님인,1
빠,1
개꿀잼이,1
ㅌ정말,1
어좁이,1
가혹,1
낼수있는분들,1
느낌이,1
계신가요,1
범상치,1
렙뜌잇,1
바캣엉,1
존나역겹,1
